site1,site2,site3
http://www.buzzfeed.com/skarlan/inspiring-words-from-the-influential-women-who-came-out-in-2#-2421391434124847224,http://www.buzzfeed.com/mackenziekruvant/hashtags-to-leave-in-2013#-2418924644726707625,http://www.buzzfeed.com/abi/tower-force-pyw#-2395897997924268800
http://www.buzzfeed.com/samimain/signs-youre-a-practicing-pescetarian#-2432503833265346469,http://www.buzzfeed.com/spenceralthouse/lets-play-wikipedia-names-your-band#-2464269583472541555,http://www.buzzfeed.com/hnigatu/theres-an-awesome-tumblr-devoted-to-creating-all-of-the-burg#-2457707880379687884
http://www.buzzfeed.com/hunterschwarz/obama-touts-entertainment-industry-at-dreamworks-stop#-248266385033868079,http://www.buzzfeed.com/briangalindo/21-vintage-postcards-of-krampus-that-will-haunt-your-dreams#-2495858108007478712,http://www.buzzfeed.com/bml/12-reasons-the-nba-will-always-be-better-than-college-basket#-251312791817974728
http://www.buzzfeed.com/kmallikarjuna/perfect-people-you-wanted-to-date-in-2013#-2638423926453671103,http://www.buzzfeed.com/tanyachen/reasons-why-potatoes-are-the-most-perfect-food#-2631239921171906124,http://www.buzzfeed.com/bennyjohnson/sugar-daddy-dating-website-targets-women-who-cant-afford-oba#-2515526790060474348
http://www.buzzfeed.com/tanyachen/the-best-taylor-swift-audience-dancing-of-all-time#-2654574102907642980,http://www.buzzfeed.com/javim2/typical-day-for-a-teenage-boy-in-the-late-90s-bw9q#-2650168615879163535,http://www.buzzfeed.com/erinchack/ever-wonder-what-happens-to-a-bears-butt-during-hibernation#-2672687464769145209
http://www.buzzfeed.com/chelseamarshall/the-most-awkward-dogs-of-2013#-269179511004571583,http://www.buzzfeed.com/summeranne/the-worst-person-in-the-world-will-pay-you-1500-to-find-him#-2698194971362419102,http://www.buzzfeed.com/ryanhatesthis/theres-a-guy-on-instagram-who-takes-photos-of-himself-wearin#-2693865955188574666
http://www.buzzfeed.com/skarlan/15-lessons-we-learned-from-tomboys-in-film-and-television#-2706380488261055078,http://www.buzzfeed.com/mikespohr/19-places-that-will-make-your-kids-dreams-come-true#-2719105396301301538,http://www.buzzfeed.com/mjs538/why-lizzie-and-gordo-were-the-most-perfect-couple-that-never#-2709193874158400518
http://www.buzzfeed.com/mjs538/for-everyone-who-has-had-a-come-to-jesus-moment-with-one-dir#-2752067290263807918,http://www.buzzfeed.com/katenocera/democrats-form-obamacare-strike-teams-to-sell-troubled-law#-2727837710549880142,http://www.buzzfeed.com/rachelzarrell/woman-to-hand-out-letters-calling-children-obese-halloween#-2757737891534681705
http://www.buzzfeed.com/andrewkaczynski/11-newspaper-front-pages-celebrating-the-end-of-prohibition#-2777439989148861570,http://www.buzzfeed.com/josephbernstein/it-turns-out-gay-porn-and-pokemon-have-way-more-in-common-th#-2871830393970842923,http://www.buzzfeed.com/bananastandard/20-little-victories-that-brighten-your-day-g03z#-2865936682698300795
http://www.buzzfeed.com/papergirl/15-gifts-for-the-science-lovers-on-your-list-aatq#-2875326842935986136,http://www.buzzfeed.com/lyapalater/17-times-in-2013-when-anne-hathaway-made-us-lose-our-faith-i#-2923152345915877524,http://www.buzzfeed.com/awesomer/greatest-dad-jokes-from-rick-grimes#-2903539658688602419
http://www.buzzfeed.com/sburpee/18-things-you-betta-work-for-bitch#-2974431170326208890,http://www.buzzfeed.com/expresident/the-cutest-tumblrs-in-the-world#-2937587582147550340,http://www.buzzfeed.com/johnstanton/congress-will-give-the-president-time-on-iran-but-not-much#-2956431348782323752
http://www.buzzfeed.com/mccarricksean/the-x-best-fantasy-books-of-the-year-fjmu#-3010914888842851704,http://www.buzzfeed.com/regajha/a-group-of-muslim-hipsters-made-a-video-thats-really-really#-3003014910900959523,http://www.buzzfeed.com/mjs538/things-ryan-gosling-did-in-2013-that-are-4234234234-billion#-3016126483060046125
http://www.buzzfeed.com/ryanjoeben/13-packing-peanuts-that-look-like-famous-celebriti-h9rx#-3084365191481474203,http://www.buzzfeed.com/mjs538/why-we-all-need-to-start-using-the-word-quiche#-3040541663457496517,http://www.buzzfeed.com/mattlynley/google-wallet-is-surprisingly-still-alive-and-kicking#-3058089711079004926
http://www.buzzfeed.com/andrewkaczynski/senate-hearing-will-explore-amazon-drones#-3094921393922987699,http://www.buzzfeed.com/mjkiebus/the-shocking-truth-behind-kobe-bryants-and-lionel-messis-reh#-3117296621036200540,http://www.buzzfeed.com/mlew15/29-truly-terrible-tattoos-h0se#-3111450482395674313
http://www.buzzfeed.com/emilyhennen/15-dogs-who-dont-give-a-crap-about-your-carpet#-3180552598305054169,http://www.buzzfeed.com/samimain/20-most-important-animal-vines-of-2013#-3174965849058657500,http://www.buzzfeed.com/ellievhall/prince-william-sings-livin-on-a-prayer-with-jon-bon-jovi-and#-3159300388873103397
http://www.buzzfeed.com/joshrobin/in-defense-of-bloombergs-metro-north-absence#-3186422606660886724,http://www.buzzfeed.com/tracyclayton/an-ode-to-rihanna-and-her-doobie-wrap#-3207525772210728930,http://www.buzzfeed.com/tnwhiskeywoman/ava-duvernay-is-used-to-being-her-own-shonda-rhimes#-3185931980057556633
http://www.buzzfeed.com/rosiegray/nrcc-removes-happy-holidays-is-what-liberals-say-shirt-from#-3239543663218172827,http://www.buzzfeed.com/adamdavis/examples-proving-we-need-to-be-more-careful-with-grammar#-3237206854881625420,http://www.buzzfeed.com/newu1671/31-times-daria-was-your-idol-cz0z#-3211592754151095695
http://www.buzzfeed.com/antwaunsargent/signs-you-are-a-new-teacher#-325104613332715028,http://www.buzzfeed.com/mjs538/why-the-jouberts-are-the-most-badass-couple-with-the-best-jo#-3247353078694293518,http://www.buzzfeed.com/summeranne/every-year-of-your-20s-ranked-from-worst-to-best#-3245063567207646258
http://www.buzzfeed.com/vnessln/things-parks-and-rec-taught-me-845e#-3255215833371672095,http://www.buzzfeed.com/adriancarrasquillo/this-arcade-fire-video-of-a-family-struggling-to-cope-with-t#-3259241224707334725,http://www.buzzfeed.com/ariellecalderon/surreal-places-to-visit-before-you-die#-3258030031353604895
http://www.buzzfeed.com/samimain/cute-cozies-your-tortoise-can-rock-this-winter#-327307531609293400,http://www.buzzfeed.com/ariellecalderon/reasons-marina-and-the-diamonds-should-always-be-on-your#-3270606932707513461,http://www.buzzfeed.com/tonymerevick/lgbt-media-advocacy-group-glaad-names-sarah-kate-ellis-new-p#-3277330115281762032
http://www.buzzfeed.com/lilis2/reasons-only-you-can-understand-your-job#-3283411073837418383,http://www.buzzfeed.com/mbvd/moments-from-hawaiis-first-day-of-marriage-equality-aloha#-3305371722450757503,http://www.buzzfeed.com/jenlewis/things-you-probably-didnt-know-about-dirty-dancing#-3307455412911221034
http://www.buzzfeed.com/matthewzeitlin/jpmorgan-shows-exactly-how-to-not-use-twitter#-3333381108835343747,http://www.buzzfeed.com/markrandazzo/restoring-faith-in-humanity-gu3r#-3308422357516157492,http://www.buzzfeed.com/donnad/uncomfortably-sexual-disney-moments#-3323402959020151066
http://www.buzzfeed.com/kristinchirico/for-everyone-who-is-sexually-attracted-to-chubby-chris-pratt#-334951993205838315,http://www.buzzfeed.com/caraf5/28-ways-you-know-you-went-to-a-performing-arts-hig-eygo#-3380133631316930288,http://www.buzzfeed.com/javim2/20-life-lessons-from-modern-familys-gloria-pritch-bw9q#-3401985935573870395
http://www.buzzfeed.com/kristinchirico/things-you-didnt-know-about-scrooge-mcduck#-3485454186366427121,http://www.buzzfeed.com/regajha/defining-traits-of-your-favorite-teacher#-3489909432707803253,http://www.buzzfeed.com/arianelange/19-vintage-dogs-who-just-didnt-want-to-be-photographed#-3413847720856033120
http://www.buzzfeed.com/cuties/animals-that-will-always-be-fun-sized#-3537549527111290940,http://www.buzzfeed.com/mrloganrhoades/check-out-these-awesome-nba-illustrations-for-espn#-3533551489187800594,http://www.buzzfeed.com/lesterfeder/ikea-pulls-lesbian-couple-from-russian-edition-of-its-magazi#-3490201499528756022
http://www.buzzfeed.com/adambvary/vin-diesel-posts-brief-and-moving-tribute-to-paul-walker#-3587780755106611344,http://www.buzzfeed.com/caraf5/22-naughty-things-the-elf-on-a-shelf-is-doing-whil-eygo#-3553954114817174970,http://www.buzzfeed.com/summeranne/americans-try-to-place-european-countries-on-a-map#-3566975717963758140
http://www.buzzfeed.com/chelseamarshall/animals-who-understand-exactly-how-you-feel-post-thanksgi#-3612726115628836712,http://www.buzzfeed.com/sapna/13-ways-black-friday-2013-was-a-different-beast-from-years-p#-3679600040094198631,http://www.buzzfeed.com/summeranne/real-life-fox-and-the-hound-best-friends-will-melt-your-hear#-3596739394205423689
http://www.buzzfeed.com/chelseamarshall/21-bunny-tongues-that-will-melt-your-heart#-3755932028259763043,http://www.buzzfeed.com/meganm15/manny-and-frank-the-frenchie-brothers#-3717936097772262987,http://www.buzzfeed.com/jwherrman/the-amazon-drone-is-the-american-dream#-3701822391924621346
http://www.buzzfeed.com/adriancarrasquillo/16-things-we-learned-from-miley-cyrus-in-her-rolling-stone-i#-3802605022955793442,http://www.buzzfeed.com/rubycramer/top-hillary-clinton-fundraiser-in-talks-to-join-priorities-u#-3796351019635157635,http://www.buzzfeed.com/awesomer/pole-riders-game-battle#-3771779152387090832
http://www.buzzfeed.com/scott/3-slices-game-battle#-3859333101813043213,http://www.buzzfeed.com/sapna/thanksgiving-is-the-new-black-friday#-3849184827444320537,http://www.buzzfeed.com/mariahsummers/your-credit-card-is-more-valuable-than-you-think-if-you-have#-3832755821018270301
http://www.buzzfeed.com/tabirakhter/14-signs-cheese-is-your-one-true-love#-3878334542273671243,http://www.buzzfeed.com/jessicamisener/what-its-like-being-a-vegetarian-at-thanksgiving#-3885374825003559221,http://www.buzzfeed.com/erinlarosa/why-2013-was-the-best-year-ever-for-redheads#-3900681721805901552
http://www.buzzfeed.com/ericafutterman/your-essential-sound-of-music-drinking-game#-394371503181415017,http://www.buzzfeed.com/christinebyrne/holiday-treats-to-make-with-your-kids#-3931479463801907972,http://www.buzzfeed.com/joelanderson/jameis-winstons-teammates-told-police-sex-was-consensual#-3901109744394168811
http://www.buzzfeed.com/mjs538/things-i-learned-from-spending-3-days-with-the-biggest-lions#-4056573010109736158,http://www.buzzfeed.com/mjkiebus/the-xx-most-perfect-moments-captured-by-kiss-and-dance-cams#-4095595220877264824,http://www.buzzfeed.com/alannaokun/the-epic-loneliness-of-link#-4104507474950453190
http://www.buzzfeed.com/tonymerevick/leading-russian-gay-activists-fined-under-federal-propaganda#-4119723926632057541,http://www.buzzfeed.com/lyapalater/the-best-moments-from-miley-cyrus-snl-appearance#-4107616815113427725,http://www.buzzfeed.com/jamesarkin/michigan-senate-candidate-says-government-should-be-servant#-4105489907543723512
http://www.buzzfeed.com/celestinomark/what-does-love-look-like-to-kids#-4119907507314676705,http://www.buzzfeed.com/tabathaleggett/items-of-clothing-that-00s-teens-will-never-wear-again#-41208051478090265,http://www.buzzfeed.com/mrloganrhoades/a-tribute-to-aaron-rodgers-in-movember#-4124033033228463674
http://www.buzzfeed.com/notmonroe/16-twists-on-instant-hot-cocoa-gg32#-4142149997932336499,http://www.buzzfeed.com/erinlarosa/why-its-time-to-stop-watching-the-walking-dead#-4145569327138958399,http://www.buzzfeed.com/joelanderson/the-sexual-assault-investigation-of-the-heisman-frontrunner#-4165104985903128402
http://www.buzzfeed.com/tomphillips/googles-playable-doctor-who-doodle-is-adorable#-4218447419492392510,http://www.buzzfeed.com/azafar/awkwafinas-new-video-will-make-you-feel-uncomfortable-in-the#-4344993522229471501,http://www.buzzfeed.com/alexnaidus/life-lessons-you-learned-from-the-cosby-show#-4207319250246844596
http://www.buzzfeed.com/mariahsummers/the-16-most-important-bitcoinaires#-4379219130749516890,http://www.buzzfeed.com/jordanzakarin/morgan-freeman-and-idris-elba-remember-nelson-mandela#-4370632037481100325,http://www.buzzfeed.com/lilyhiottmillis/customer-refuses-to-tip-waiter-and-former-marine-leaves-homo#-4408848965559620594
http://www.buzzfeed.com/sedem/doctor-who-celebrates-50-years-cjrb#-4425620131966167290,http://www.buzzfeed.com/aaronh18/all-58-people-who-appear-in-adam-sanders-chanukah-a2wq#-443896841720221375,http://www.buzzfeed.com/briangalindo/18-wonderful-and-retro-tokyo-subway-posters#-441258108296465222
http://www.buzzfeed.com/bennyjohnson/7-massive-plot-spoilers-from-the-new-house-of-cards-promo#-4523568327434261441,http://www.buzzfeed.com/katienotopoulos/how-to-find-out-if-your-facebook-friends-hate-you#-4484503665065233,http://www.buzzfeed.com/whitneyjefferson/kanye-west-explains-why-he-doesnt-like-to-appear-on-keeping#-4498267500537801313
http://www.buzzfeed.com/summeranne/women-who-prove-style-peaked-in-the-60s#-4573337137218648687,http://www.buzzfeed.com/lyapalater/celebrity-instagrams-you-need-to-see-this-week-670#-4549287555711852331,http://www.buzzfeed.com/rosiegray/state-department-reaffirms-iran-status-as-state-sponsor-of-t#-4555936269552332701
http://www.buzzfeed.com/mariahsummers/activating-a-renaissance-the-faces-of-detroits-small-busines#-4628484220129773244,http://www.buzzfeed.com/ryanhatesthis/the-first-end-of-the-year-mashup-of-2013-is-here-and-its-pre#-4620436718962825133,http://www.buzzfeed.com/dray/international-cheetah-day-is-the-one-holiday-we-sh-4666#-4621409338904078968
http://www.buzzfeed.com/adamellis/ranking-cosby-sweaters#-4640024271723197825,http://www.buzzfeed.com/ariellecalderon/the-most-memorable-chrismukkah-moments-from-the-oc#-4768196118820299678,http://www.buzzfeed.com/hunterschwarz/nelson-mandela-was-on-a-us-terror-watch-list-until-2008#-4650554057131966631
http://www.buzzfeed.com/donnad/you-will-never-be-this-creeped-out-by-anything-in-your-house#-4786669790507797596,http://www.buzzfeed.com/andrewkaczynski/rand-paul-defends-wikipedia-plagiarism#-4778612549848802279,http://www.buzzfeed.com/kmallikarjuna/and-now-for-martin-freeman-as-james-bond#-4779093379766098792
http://www.buzzfeed.com/briangalindo/listen-to-kurt-cobains-haunting-interview-about-alienation-i#-4873907915320532128,http://www.buzzfeed.com/josephbernstein/no-one-knows-which-console-you-should-buy#-4808786762481723235,http://www.buzzfeed.com/jordanzakarin/steve-buscemi-tribute-to-james-gandolfini#-4793021446120360931
http://www.buzzfeed.com/jwherrman/why-everyone-in-tech-needs-to-be-watching-the-good-wife#-4882828384445617947,http://www.buzzfeed.com/fjelstud/describe-your-sex-life-with-a-movie-title#-4882844390767843594,http://www.buzzfeed.com/samimain/cats-who-are-too-proud-to-admit-they-hate-snow#-4879994701095618054
http://www.buzzfeed.com/louispeitzman/why-madchen-amick-refuses-to-settle#-4922321034134362311,http://www.buzzfeed.com/dray/10-reasons-to-visit-the-zoo-that-have-little-to-do-4666#-4911608058079023802,http://www.buzzfeed.com/juliapugachevsky/recipes-for-friendsgiving-in-your-college-dorm-room#-4940984853757403480
http://www.buzzfeed.com/mrbriceno/40-things-we-learned-from-the-x-files-gpsu#-4954639704194800817,http://www.buzzfeed.com/emofly/clever-gifts-for-food-lovers#-4981913129838894116,http://www.buzzfeed.com/erikmalinowski/14-guaranteed-facts-about-tom-brady-and-peyton-mannings-14th#-4988405550691002453
http://www.buzzfeed.com/justinabarca/45-best-vine-fails-of-2013#-5004616627533645309,http://www.buzzfeed.com/mathewg5/49-vegan-gluten-free-things-to-bake-in-decem-dst2#-5004058143085571274,http://www.buzzfeed.com/samimain/this-pug-puppy-understands-how-much-you-need-to-go-home-for#-5035552041129532577
http://www.buzzfeed.com/mjs538/for-everyone-who-wants-royals-to-die#-5058180218162226678,http://www.buzzfeed.com/elysiam/the-12-most-hilariously-awkward-moments-from-kyle-mooneys-pr#-5077994301231398343,http://www.buzzfeed.com/joannaborns/types-of-travelers-you-always-see-at-the-airport#-5075505629940256846
http://www.buzzfeed.com/erikmalinowski/the-43-most-eye-boggling-football-catches-and-jukes-of-2013#-5135914024147342443,http://www.buzzfeed.com/gregs11/5-star-wars-soaps-4x67#-5084767635068346532,http://www.buzzfeed.com/lilis2/why-christmas-birthdays-are-the-worst#-5081910997623564483
http://www.buzzfeed.com/ariannarebolini/movies-to-be-thankful-for-on-thanksgiving#-5166105845010821809,http://www.buzzfeed.com/erinchack/the-king-of-snapchat-strikes-again#-5145273879370103626,http://www.buzzfeed.com/gabrielakruschewsky/charming-drake-moments-of-the-year#-519211044666407270
http://www.buzzfeed.com/skarlan/actress-maria-bello-comes-out-in-a-touching-personal-essay#-529921654962545390,http://www.buzzfeed.com/saeedjones/19-things-not-to-say-to-someone-when-they-come-out-to-you#-5218411696029892069,http://www.buzzfeed.com/danmartin/the-30-pictures-from-sherlock-youve-been-waiting-nearly-two#-5224387593266970767
http://www.buzzfeed.com/mattbellassai/reasons-sam-claflin-is-the-hunger-games-tribute-of-your-d#-5371590273440408315,http://www.buzzfeed.com/paulf24/21-ways-youve-transformed-from-a-freshman-to-a-se-b5ra#-5312807664285379480,http://www.buzzfeed.com/ryanhatesthis/college-students-from-suny-cortland-partied-so-hard-this-wee#-5370562295549446135
http://www.buzzfeed.com/kevintang/17-least-majestic-wolves#-5420487043414774196,http://www.buzzfeed.com/erikmalinowski/red-sox-star-jacoby-ellsbury-bolts-boston-for-rival-yankees#-5413562720917040398,http://www.buzzfeed.com/adambvary/hunger-games-catching-fire-jena-malone-jeffrey-wright#-5379273144495278335
http://www.buzzfeed.com/mjkiebus/ridiculous-soccer-dives-guaranteed-to-make-you-angry#-5473837568965899385,http://www.buzzfeed.com/ryanhatesthis/a-middle-schooler-sent-the-rapper-aap-rocky-a-really-adorabl#-5525965182878894055,http://www.buzzfeed.com/mattbellassai/the-absolute-greatest-dog-gifs-of-2013#-5537218739302186896
http://www.buzzfeed.com/jacobfischler/11-conversations-that-need-to-be-banned-at-thanksgiving-this#-5555550740158720234,http://www.buzzfeed.com/emofly/most-important-food-things-2013#-55632290424172519,http://www.buzzfeed.com/kevintang/meet-japans-biggest-werewolf-nu-metal-band#-558239582375883503
http://www.buzzfeed.com/mikehayes/newtown-high-school-football-ends-season-dedicated-to-sandy#-5627186015111116605,http://www.buzzfeed.com/ludwigwittgenstein/fantastic-ways-to-distinguish-between-sense-and-nonsense#-564961941650455217,http://www.buzzfeed.com/tanyachen/ways-your-childhood-fantasy-of-living-like-the-jetsons-is#-5645681517953799135
http://www.buzzfeed.com/caitleg/the-17-best-free-ideas-offered-by-evan-mcmorris-b7s7#-5661872051671076027,http://www.buzzfeed.com/spenceralthouse/29-signs-youre-stuck-in-the-90s#-5670342527339397538,http://www.buzzfeed.com/rachelysanders/legitimately-awesome-cookie-cutters#-5666379320756498667
http://www.buzzfeed.com/catscarlett/weird-fan-art-of-brian-from-afamily-guya-go1w#-5715033708600240819,http://www.buzzfeed.com/mackenziekruvant/signs-youre-obsessed-with-christmas#-5726861921960334853,http://www.buzzfeed.com/mrloganrhoades/the-25-best-buzzer-beaters-of-2013#-5727789675363089741
http://www.buzzfeed.com/jessicamisener/19-gifs-we-should-all-retire-in-2014#-5731086143588533506,http://www.buzzfeed.com/katenocera/members-of-congress-stand-by-third-way#-5728266890940768856,http://www.buzzfeed.com/kmallikarjuna/jaw-dropping-photos-of-space-taken-in-2013#-5734539112032438643
http://www.buzzfeed.com/jordanzakarin/12-posters-that-totally-spoiled-the-movie#-5754097056416214876,http://www.buzzfeed.com/catesevilla/40-things-only-internet-feminists-will-understand#-5754086760929396075,http://www.buzzfeed.com/skarlan/13-reasons-to-be-thankful-for-the-existance-of-billie-jean-k#-5760191723317737823
http://www.buzzfeed.com/mylestanzer/miss-new-yorks-comeback-is-going-to-take-a-bit-longer-than-e#-5771460699019202661,http://www.buzzfeed.com/kevintang/chinas-singles-day-may-be-the-worlds-largest-craziest-online#-5772217424959661418,http://www.buzzfeed.com/mackenziekruvant/signs-youre-a-morning-person#-5783493734454131744
http://www.buzzfeed.com/tanyachen/experiences-you-only-have-at-asian-supermarkets#-5815226720893859124,http://www.buzzfeed.com/leonoraepstein/amusing-vintage-photos-of-past-t-giving-day-parades#-5839132965545205213,http://www.buzzfeed.com/katienotopoulos/the-rich-guys-with-lions-of-instagram#-5889371078510273063
http://www.buzzfeed.com/tonymerevick/johnny-weir-calls-lgbt-protesters-picketing-speaking-event-i#-5993120039172903739,http://www.buzzfeed.com/caraf5/31-diy-costume-ideas-to-rock-for-santacon-eygo#-6032880712961940276,http://www.buzzfeed.com/lesterfeder/could-a-win-for-lgbt-adoption-rights-kill-marriage-equality#-5893510881185119169
http://www.buzzfeed.com/alisonvingiano/tv-anchor-begs-you-to-stop-taking-pictures-of-your-snow-cove#-6052717822743552871,http://www.buzzfeed.com/mccarricksean/most-inspiring-skeletor-quotes#-6052009723527024896,http://www.buzzfeed.com/leonoraepstein/jarring-color-images-of-black-and-white-tv-shows#-6051457497788345642
http://www.buzzfeed.com/gregs11/child-actors-then-now-4x67#-6061110028302972129,http://www.buzzfeed.com/hnigatu/why-lupita-nyongo-should-be-your-new-fashion-icon#-6070752847114263205,http://www.buzzfeed.com/mylestanzer/you-have-to-watch-this-guy-sing-a-whitney-houston-classic-at#-6058547580264971639
http://www.buzzfeed.com/hunterschwarz/top-hollywood-executives-turn-out-for-jerry-brown-fundraiser#-6149679876096474755,http://www.buzzfeed.com/kmallikarjuna/pieces-of-not-so-great-life-advice-from-your-favorite-cartoo#-6114871067960451130,http://www.buzzfeed.com/alisonvingiano/breathtaking-images-of-the-grand-canyon#-6143705527103977265
http://www.buzzfeed.com/mackenziekruvant/pharrells-new-24-hour-music-video#-6171817386784729013,http://www.buzzfeed.com/leonoraepstein/fascinating-close-ups-of-diaries-and-journals-in-movies#-6169671126654033787,http://www.buzzfeed.com/ellievhall/19-things-we-learned-from-benedict-cumberbatchs-twitter-qa#-6161528833790243876
http://www.buzzfeed.com/regajha/questions-people-from-india-are-sick-of-answering#-6221964050412832989,http://www.buzzfeed.com/adamellis/emojis-that-should-exist-but-dont#-619138510158742697,http://www.buzzfeed.com/andrewkaczynski/front-pages-from-1963#-6204340296480913407
http://www.buzzfeed.com/jacobfischler/republican-party-tweet-about-rosa-parks-goes-horribly-wrong#-6229307712221248678,http://www.buzzfeed.com/louispeitzman/its-time-for-comedies-to-drop-the-mockumentary-schtick#-6232283397668578627,http://www.buzzfeed.com/christinebyrne/leftovers-are-the-best-part-of-thanksgiving#-6263974820174527226
http://www.buzzfeed.com/mackenziekruvant/nathan-and-haley-forever#-6270948819223158454,http://www.buzzfeed.com/jacobfischler/the-fbi-ended-its-ad-campaign-to-find-americas-longest-held#-6319346756934671180,http://www.buzzfeed.com/louispeitzman/8-ways-the-originals-has-modeled-itself-after-angel#-6312580437541665057
http://www.buzzfeed.com/conzpreti/things-colombians-know-to-be-true#-6331565905466666018,http://www.buzzfeed.com/ryanhatesthis/theres-an-instagram-account-that-collects-the-worst-photos-o#-6331505173140370202,http://www.buzzfeed.com/mjs538/cher-has-made-what-could-possibly-be-the-gayest-music-video#-6331537600650715051
http://www.buzzfeed.com/sapna/33-million-americans-are-planning-to-shop-on-thanksgiving-da#-6363270109031484095,http://www.buzzfeed.com/cuties/animals-we-just-want-to-squeeze#-6379297520982868297,http://www.buzzfeed.com/allyson/this-space-jam-christmas-playlist-will-make-your-cepf#-6418428240297164821
http://www.buzzfeed.com/jwherrman/the-great-snapchat-mirage#-6437980058548833248,http://www.buzzfeed.com/ukinusa/12-life-lessons-from-doctor-who-diplomat-of-the-u-dp3u#-6599486051037145227,http://www.buzzfeed.com/samimain/meet-the-most-important-french-bulldog-in-all-of-sweden#-6444848109978071404
http://www.buzzfeed.com/ryanhatesthis/facebook-data-reveals-how-weirdly-racist-we-are-when-it-come#-6621534501586034979,http://www.buzzfeed.com/jaimieetkin/american-music-awards-2013-winners#-6605049488617290384,http://www.buzzfeed.com/mbvd/football-fan-allegedly-jumps-from-deck-of-oakland-stadium#-6614398274039777377
http://www.buzzfeed.com/erinchack/feet-that-look-like-robert-pattinsons-face#-6681400983050165998,http://www.buzzfeed.com/bensmith/the-mystery-of-denis-mcdonough#-6648169646400719232,http://www.buzzfeed.com/andrewkaczynski/a-brief-history-of-presidents-pardoning-turkeys#-6653396236707849040
http://www.buzzfeed.com/tracyclayton/a-cleveland-walmart-is-holding-a-holiday-food-drive-for-its#-6695530731565343788,http://www.buzzfeed.com/jaimieetkin/10-movies-that-made-us-love-paul-walker#-672269550900465935,http://www.buzzfeed.com/food52/make-ahead-thanksgiving#-6734746606802172606
http://www.buzzfeed.com/skarlan/mtvs-girl-code-wants-everyone-to-get-hiv-tested#-6755734118829590828,http://www.buzzfeed.com/daves4/the-world-isnt-such-a-bad-place#-6751375301348903953,http://www.buzzfeed.com/skarlan/this-is-the-only-thanksgiving-twerking-song-you-want-or-need#-6750325998220412723
http://www.buzzfeed.com/melismashable/crazy-things-youll-see-at-a-professional-bu#-6774317589047370156,http://www.buzzfeed.com/bennyjohnson/howard-coble-the-congressman-dc-deserves-but-not-the-one-it#-6762969238962256237,http://www.buzzfeed.com/rachelysanders/wonderfully-warm-and-cozy-mulled-drinks#-6792453508189620432
http://www.buzzfeed.com/gavon/a-chihuaha-dressed-as-a-donkey#-6806010298247605864,http://www.buzzfeed.com/donnad/science-fictions-that-became-science-facts-in-2013#-6800268996178382646,http://www.buzzfeed.com/rachelzarrell/survivors-of-sexual-assault-tell-the-numbers-behind-stories#-6794606203563609001
http://www.buzzfeed.com/mjkiebus/11-important-takeaways-from-the-mets-awful-holiday-video#-6809607742985623044,http://www.buzzfeed.com/rachelysanders/great-ways-to-cook-your-thanksgiving-turkey#-686088456849481677,http://www.buzzfeed.com/ellievhall/what-its-like-to-start-working-in-tv-news#-6827370258685960644
http://www.buzzfeed.com/saeedjones/could-pier-kids-the-life-be-the-next-paris-is-burning#-6920845329922517390,http://www.buzzfeed.com/sapna/everything-thats-wrong-with-jc-penney-is-in-the-risk-factors#-6906331772620632319,http://www.buzzfeed.com/gabrielakruschewsky/shoes-that-will-never-go-out-of-style#-6885137424884797078
http://www.buzzfeed.com/rachelzarrell/chris-brown-arrested-after-hotel-brawl#-6955464222864787308,http://www.buzzfeed.com/antwaunsargent/reasons-why-corey-and-mrfeeny-had-the-best-student-teache#-6933429560601537695,http://www.buzzfeed.com/conzpreti/meet-michael-bubles-beautiful-argentine-wife#-6933149536825967358
http://www.buzzfeed.com/food52/how-to-make-best-pimiento-cheese#-6987873489464407387,http://www.buzzfeed.com/awesomer/trying-to-be-cute-on-the-internet-is-a-terri#-6966335722323574034,http://www.buzzfeed.com/maggiep18/15-times-west-side-story-made-good-things-better-h91t#-6981226352630413156
http://www.buzzfeed.com/spenceralthouse/21-universal-problems-of-spending-the-holidays-with-your-fam#-7044620091948063585,http://www.buzzfeed.com/alannaokun/insanely-clever-gifts-for-book-lovers#-7054010159859256666,http://www.buzzfeed.com/christinebyrne/party-appetizers-that-should-be-banned-for-life#-7055738801516809814
http://www.buzzfeed.com/mylestanzer/24-problems-only-hairy-guys-will-understand#-7164622570902427881,http://www.buzzfeed.com/chelseamarshall/dogs-who-are-prepared-for-black-friday#-7172686241423853395,http://www.buzzfeed.com/tanyachen/important-90s-hip-hop-fashion-trends-you-might-have-forgo#-7070833041986223087
http://www.buzzfeed.com/krisandres/10-english-terms-essential-for-korean-pop-fans-6qn0#-7186483856391542038,http://www.buzzfeed.com/mrloganrhoades/nhl-goalie-makes-specatcular-bicycle-kick-save#-7197833796569053485,http://www.buzzfeed.com/andrewkaczynski/the-sad-final-demise-of-the-daily-download#-7176571559368532645
http://www.buzzfeed.com/mjkiebus/luis-suarez-defiles-issac-newtons-corpse-with-this-gravity-d#-7254189959696492151,http://www.buzzfeed.com/mccarricksean/great-geek-gifts-for-the-holidays-fjmu#-7226613302548370920,http://www.buzzfeed.com/emceen/the-new-york-rangers-are-easily-the-most-attractiv-gutw#-7203855124301821913
http://www.buzzfeed.com/mikespohr/onesies-for-the-coolest-baby-you-know#-7320524329887806409,http://www.buzzfeed.com/jordanzakarin/radio-serials-podcasts-revival#-7296962540320669798,http://www.buzzfeed.com/buzzfeedpolitics/explained-what-the-hell-happened-in-the-senate-today#-7331003197256458358
http://www.buzzfeed.com/marisol/fequency-theory-frequency-is-john-reeses-life-b0w2#-7390833203996583559,http://www.buzzfeed.com/hunterschwarz/britney-spears-is-selling-merchandise-with-bch-written-all-o#-7343929391758635794,http://www.buzzfeed.com/regajha/dangerous-symptoms-of-being-addicted-to-puns#-7350337349811230372
http://www.buzzfeed.com/perpetua/early-nirvana-photos-1989#-7478395999083174386,http://www.buzzfeed.com/dray/20-quotations-of-euphegenia-doubtfire-to-celebrate-4666#-7439541384582635225,http://www.buzzfeed.com/rubycramer/will-howard-dean-pinch-hit-for-elizabeth-warren-in-2016#-7419716583399900058
http://www.buzzfeed.com/meganm15/meet-the-ultimate-underdogs-stray-dogs-and-at-risk-youth-fig#-755148991100966625,http://www.buzzfeed.com/emilyhennen/53-celebrities-who-have-southern-roots#-7487808580375609082,http://www.buzzfeed.com/andrewkaczynski/oops-we-can-see-you-edit-wikipedia-guys#-7498197816765903149
http://www.buzzfeed.com/katienotopoulos/proof-that-no-one-watches-porn-on-christmas#-7560803731709592892,http://www.buzzfeed.com/robinedds/its-thanksgiving-so-we-asked-some-brits-to-label-the-us-stat#-7565621191363562461,http://www.buzzfeed.com/elongreen/things-mitt-romney-loves-4yyh#-7585707407047771043
http://www.buzzfeed.com/tracyclayton/reasons-that-penguins-are-hands-down-the-best-animal-on-e#-7604502287018845756,http://www.buzzfeed.com/leonoraepstein/disney-princesses-ranked-by-intelligence#-7608520285831616392,http://www.buzzfeed.com/kimberleydadds/this-touching-moment-at-the-hunger-games-premiere-will-make#-7617638943015102392
http://www.buzzfeed.com/adambvary/new-wolf-of-wall-street-poster#-7652848449907801856,http://www.buzzfeed.com/ellievhall/23-people-who-were-too-sleepy-for-black-friday#-7623368088150698900,http://www.buzzfeed.com/kmallikarjuna/movies-summed-in-one-photo-set#-7639327214768734163
http://www.buzzfeed.com/chelseamarshall/25-reasons-to-be-thankful-for-your-pet#-7705129984864398075,http://www.buzzfeed.com/ryanhatesthis/if-miley-cyrus-wins-times-person-of-the-year#-7757279517752571508,http://www.buzzfeed.com/summeranne/gifs-that-will-make-you-laugh-every-time#-7704674876765364672
http://www.buzzfeed.com/lyapalater/8-celebrity-tweets-you-missed-today-576078990#-780594606790585475,http://www.buzzfeed.com/summeranne/alleged-photo-of-an-adorable-8-year-old-kanye-west#-7796846881652983997,http://www.buzzfeed.com/dray/1990s-christmas-movies-home-alone-4666#-7819184815863237228
http://www.buzzfeed.com/mattbellassai/the-creepiest-dogs-you-meet-on-okcupid#-7853087955792313401,http://www.buzzfeed.com/joannaborns/saltine-porn#-7832298104480740738,http://www.buzzfeed.com/tonymerevick/illinois-governor-signs-marriage-equality-bill-into-law#-7894442206203921956
http://www.buzzfeed.com/mccarricksean/50-things-that-comics-imply-about-christmas-fjmu#-7928283164099302795,http://www.buzzfeed.com/joelanderson/the-talent-factory-behind-andre-agassi-and-monica-seles-has#-7953375967640335809,http://www.buzzfeed.com/josephbernstein/is-this-the-last-great-mario-game#-7911467386854767875
http://www.buzzfeed.com/daves4/the-dumbest-things-that-happened-this-year#-7973456111074010640,http://www.buzzfeed.com/josephbernstein/was-this-135-hour-gaming-marathon-shut-down-to-protect-the-p#-7983246172030620773,http://www.buzzfeed.com/nycsouthpaw/captions-of-yesteryear-4xje#-7985349747202267568
http://www.buzzfeed.com/kmallikarjuna/harry-potter-characters-singing-pink-is-actually-hilarious-a#-7993068264684249350,http://www.buzzfeed.com/scott/blockage-2#-8019551794322563741,http://www.buzzfeed.com/mjs538/the-33-most-moments-in-ryan-goslings-33-years-on-planet-eart#-8028689436725641946
http://www.buzzfeed.com/rachelzarrell/someone-needs-to-tell-martha-stewart-her-food-tweets-are-dis#-8053025852945147181,http://www.buzzfeed.com/mikespohr/why-monica-and-chandler-will-be-terrific-parents#-8076388071288154743,http://www.buzzfeed.com/sapna/kmart-made-a-gif-themed-commercial-and-it-doesnt-really-make#-8059774261067093280
http://www.buzzfeed.com/mbvd/coffee-bean-features-cash-collecting-jars-for-your-favorite#-811798195202815094,http://www.buzzfeed.com/mattbellassai/the-horrible-truth-of-eating-nothing-but-pumpkin-stuff-for-7#-8144470460668181685,http://www.buzzfeed.com/mrloganrhoades/what-every-chicago-bulls-fan-would-like-to-say-to-derrick-ro#-8102649960623201323
http://www.buzzfeed.com/johnshwilliams/the-steps-of-picking-a-movie-on-netflix-fp2l#-8179948466358409428,http://www.buzzfeed.com/adriancarrasquillo/prominent-dreamer-to-leave-job-in-congress-to-fight-her-moth#-8165930289505488069,http://www.buzzfeed.com/skarlan/katniss-everdeen-actually-belongs-with-johanna-mason#-8209274918764412686
http://www.buzzfeed.com/scottl28/leslie-knope-is-corrupt-and-deserved-to-be-recalle-am08#-8256053668066548318,http://www.buzzfeed.com/georgey/stalkers-these-21-songs-are-written-about-you-f061#-8213988017259395780,http://www.buzzfeed.com/jenlewis/who-said-it-jennifer-lawrence-or-liz-lemon#-8239782650278192509
http://www.buzzfeed.com/skarlan/this-british-skydiver-completed-his-100th-jump-completely-na#-8284189865691826760,http://www.buzzfeed.com/lyapalater/9-celebrity-tweets-you-missed-today-468845#-8305354391589375865,http://www.buzzfeed.com/adamdavis/theres-a-website-that-automatically-puts-nick-cages-face-on#-8290117979499611166
http://www.buzzfeed.com/rachelzarrell/why-sharkeisha-is-trending-on-twitter#-8399117216948380386,http://www.buzzfeed.com/rachelzarrell/dr-dan-turns-your-favorite-characters-into-delicious-pancake#-8367747540250884546,http://www.buzzfeed.com/leonoraepstein/festive-beauty-products-perfect-for-the-holidays#-8321381601762234250
http://www.buzzfeed.com/leonoraepstein/artistic-magic-happens-when-this-5-year-old-illustrates-80s#-8407418302107492811,http://www.buzzfeed.com/desmondm/chris-lilley-just-gave-the-most-quiche-ama-of-the-5mf6#-8457433020709899466,http://www.buzzfeed.com/chelseamarshall/the-most-important-pugs-of-2013#-845255287526193264
http://www.buzzfeed.com/lyapalater/celebrity-tweets-you-missed-today-49648957#-84986849956460276,http://www.buzzfeed.com/juliepereira24/20-plaid-pieces-to-try-this-winter-for-under-100-haso#-8570108987291361431,http://www.buzzfeed.com/jtes/15-of-nelson-mandelas-most-inspiring-quotes#-8469626264237495653
http://www.buzzfeed.com/emilyhennen/27-reasons-adam-pally-would-literally-make-the-best-friend-e#-859852674401289665,http://www.buzzfeed.com/alannaokun/some-terrible-people-on-twitter-have-decided-that-its-fat-sh#-857763575725495469,http://www.buzzfeed.com/adamellis/kids-show-characters-who-were-totally-gay-heroes#-8641429494686384965
http://www.buzzfeed.com/adamellis/heres-what-happens-when-you-ask-people-to-draw-maps-of-the-u#-8673139764060014685,http://www.buzzfeed.com/azafar/justin-bieber-r-kelly-pyd#-867708825521510410,http://www.buzzfeed.com/mrloganrhoades/video-emerges-of-florida-offensive-players-aggressively-bloc#-8663548404320756244
http://www.buzzfeed.com/peggy/brilliant-packaging-designs-that-will-blow-your-mind#-8702496308746528835,http://www.buzzfeed.com/perpetua/nine-inch-nails-tension#-8709703020200816723,http://www.buzzfeed.com/miriamelder/watch-this-indian-actress-shut-down-a-female-journalist-for#-8686174447235761984
http://www.buzzfeed.com/jordanzakarin/celebrity-tv-interview-meltdowns#-8748796903521261147,http://www.buzzfeed.com/skarlan/chicagos-gay-hockey-association-covers-mariah-carey-flawless#-8721132359702129067,http://www.buzzfeed.com/bml/a-rod-walks-out-of-mlb-hearing-over-bud-seligs-refusal-to-te#-8727579261153701678
http://www.buzzfeed.com/chrisgeidner/boehner-says-i-do-to-gay-candidates-but-house-democrats-push#-8775272237062128561,http://www.buzzfeed.com/leonoraepstein/watch-matilda-cast-members-reenact-scenes-as-grown-ups#-8780931740986480175,http://www.buzzfeed.com/lilytownshend/16-of-the-worst-celebrity-attempts-at-a-music-care-gtl8#-878653810144330230
http://www.buzzfeed.com/katieheaney/19-signs-you-cant-cook-to-save-your-life#-8855459695771896529,http://www.buzzfeed.com/kmallikarjuna/2013-was-the-best-year-ever-to-be-a-nerd#-8845589995608381339,http://www.buzzfeed.com/daves4/celebrities-with-their-faces-upside-down-are-absolutely-terr#-8845418425267311991
http://www.buzzfeed.com/arianelange/a-ranking-of-the-hunger-games-chocolates#-8881075916903859628,http://www.buzzfeed.com/kmallikarjuna/missing-lines-that-should-have-been-in-the-harry-potter-movi#-8884512080914416487,http://www.buzzfeed.com/erinlarosa/one-direction-midnight-memories-release-party#-8954542383196227081
http://www.buzzfeed.com/cuties/the-chubbiest-cheeks-on-the-internet#-8996247558509709190,http://www.buzzfeed.com/azafar/busta-rhymes-and-q-tip-give-the-world-an-early-christmas-pre#-8978928373265425781,http://www.buzzfeed.com/louispeitzman/bad-movies-to-watch-with-your-gay-friends#-9075319672257348730
http://www.buzzfeed.com/perpetua/what-are-the-names-of-these-bands#-9097011565890704034,http://www.buzzfeed.com/daves4/things-that-will-make-you-say-nope#-9088866585259600307,http://www.buzzfeed.com/rachelzarrell/how-heidi-montag-and-spencer-pratt-blew-10-million-in-three#-9076819537334850206
http://www.buzzfeed.com/rachelzarrell/this-epic-note-passing-war-on-a-delayed-flight-wins-thanksgi#-91037916206573008,http://www.buzzfeed.com/garrettjustgarrett/why-meteorology-is-paris-hiltons-true-calling-87fk#-9114073549337991597,http://www.buzzfeed.com/peterlauria/5-facts-about-the-nations-largest-magazine-publisher#-9119617429544379742
http://www.buzzfeed.com/dorsey/non-white-people-who-are-perfectly-capable-of-hosting-a-p#-9132259609627237612,http://www.buzzfeed.com/sapna/jc-penney-and-abercrombie-at-risk-of-getting-booted-out-of-s#-9127998605183317571,http://www.buzzfeed.com/skarlan/cult-film-but-im-a-cheerleader-to-get-a-musical-makeover#-914840106635509429
http://www.buzzfeed.com/mjkiebus/fan-bases-god-hated-most-in-2013#-9186692584906204549,http://www.buzzfeed.com/gregs11/7-ridiculous-items-you-can-buy-online-right-now-4x67#-9155932142325971535,http://www.buzzfeed.com/daves4/the-35-most-powerful-snapchats-of-2013#-9184594345746916699
http://www.buzzfeed.com/ariellecalderon/this-chinchilla-is-the-cutest-holiday-enthusiast-youve-ever#-9216161678656969552,http://www.buzzfeed.com/alisonvingiano/costco-accidentally-labled-the-bible-as-fiction#-951911282233646165,http://www.buzzfeed.com/hillaryreinsberg/juicy-campus-founder-poster-boy-for-internet-kindness#-92713611375983180
http://www.buzzfeed.com/podroz/all-da-badges-zpyb-2rft#1013912346602230730,http://www.buzzfeed.com/chelseamarshall/why-im-happy-i-never-sent-my-britney-spears-fan-letter#1023237469463875463,http://www.buzzfeed.com/JessicaNancy/7-occasions-youre-better-off-without-a-bra-h2m8#-961542642830037309
http://www.buzzfeed.com/alanwhite/29-important-facts-regarding-the-first-uk-twerking-champions#1101745226940523057,http://www.buzzfeed.com/saeedjones/tom-daley-has-found-a-new-way-out#1047916526568329412,http://www.buzzfeed.com/erikmalinowski/the-best-gifs-of-nfl-week-12-baby-its-cold-outside#1084199022369623308
http://www.buzzfeed.com/regajha/someone-wrote-very-very-racist-comments-on-a-gap-ad-and-gap#1152800212364160206,http://www.buzzfeed.com/janeclaireh/14-signs-its-winter-and-youre-texan-cqtr#1154917055774446303,http://www.buzzfeed.com/adriancarrasquillo/katie-couric-joining-yahoo-as-global-news-anchor-after-perso#1124038592858506107
http://www.buzzfeed.com/kimberleydadds/what-deceased-music-legends-would-look-like-if-theyd-made-it#1154971384386059399,http://www.buzzfeed.com/bennyjohnson/this-congressman-is-really-obsessed-with-tweeting-pictures-o#1155088967516337105,http://www.buzzfeed.com/charliewarzel/why-is-facebook-suddenly-blowing-up-old-posts#1164129306528645711
http://www.buzzfeed.com/charliewarzel/proof-that-technology-hasnt-changed-who-we-are#1176675182328142268,http://www.buzzfeed.com/emilyhennen/70-celebrity-babies-born-in-2013#1217939275004888862,http://www.buzzfeed.com/bensmith/obamas-very-personal-deal-with-iran#1165295995295922755
http://www.buzzfeed.com/charliewarzel/how-to-make-your-computer-monitor-invisible-to-everyone-but#1250749577241569991,http://www.buzzfeed.com/erinlarosa/how-to-make-an-adorable-and-vegetarian-turkey-for-thanksgivi#1307384183500904535,http://www.buzzfeed.com/arianelange/hollywood-postcard-perfect-vintage-postcards#1290093445954218619
http://www.buzzfeed.com/emofly/miraculous-foods-to-make-for-hanukkah#1373316473729471494,http://www.buzzfeed.com/jessicamisener/heres-what-gauged-ears-look-like-without-the-gauges-in#137533568704631339,http://www.buzzfeed.com/bennyjohnson/the-21-most-joe-biden-est-things-joe-biden-has-ever-joe-bide#1346023797825383141
http://www.buzzfeed.com/mattlynley/surprise-these-businesses-are-still-around#1427223051365332425,http://www.buzzfeed.com/tanyachen/super-hot-people-who-happen-to-be-ceos#1390694234586613334,http://www.buzzfeed.com/josephbernstein/every-game-heroine-of-2013-looks-exactly-the-same#1467679340152191086
http://www.buzzfeed.com/mattbellassai/totally-important-reasons-to-be-proud-of-tom-daley#1525581873151833997,http://www.buzzfeed.com/lottetregelles/19-ways-nigel-thornberrys-face-makes-great-things-gsqa#1501025698842463360,http://www.buzzfeed.com/erinlarosa/the-stages-of-thanksgiving-as-told-by-addams-family-value#1503468923499256229
http://www.buzzfeed.com/adriancarrasquillo/so-a-python-didnt-actually-eat-a-drunk-guy-in-india#1615814203472341931,http://www.buzzfeed.com/kateaurthur/hunger-games-catching-fire-nina-jacobson-jennifer-lawrence#1619281943932547516,http://www.buzzfeed.com/jenlewis/which-love-actually-character-are-you#1525752813432570079
http://www.buzzfeed.com/mylestanzer/drake-is-coming-out-with-gold-jordan-sneakers#1680963643309561787,http://www.buzzfeed.com/tabathaleggett/there-is-a-20cm-antelope-at-chester-zoo#1677814005588843553,http://www.buzzfeed.com/regajha/washington-dcs-metro-system-just-released-a-really-really-se#1658841042764692706
http://www.buzzfeed.com/mikespohr/what-no-one-tells-you-about-becoming-a-parent#1723136755280758698,http://www.buzzfeed.com/lyapalater/miley-and-her-virtual-kitten-won-the-amas-the-internet-life#1724599965365575269,http://www.buzzfeed.com/chelseamarshall/turkeys-who-just-want-to-be-your-friend#171575754141706472
http://www.buzzfeed.com/ariellecalderon/things-you-probably-didnt-know-about-good-will-hunting#1732405284116780263,http://www.buzzfeed.com/emofly/things-you-need-to-host-a-holiday-party#1762990375484287332,http://www.buzzfeed.com/louispeitzman/how-to-be-thankful-while-mourning-a-best-friend#1746163054128207632
http://www.buzzfeed.com/ailbhemalone/9-british-craft-beers-you-must-try#1779226402630572407,http://www.buzzfeed.com/rachelzarrell/jon-stewart-continues-his-crusade-to-prove-jennifer-lawrence#1830209145195064591,http://www.buzzfeed.com/antwaunsargent/times-kim-kardashian-and-kanye-west-were-the-most-fashion#1839051455021527838
http://www.buzzfeed.com/joelanderson/12-dead-240-injured-following-world-cup-celebrations-in-alge#1894128511935983997,http://www.buzzfeed.com/lesterfeder/activists-stage-kiss-in-in-brooklyn-ikea-to-protest-removal#193940265804590492,http://www.buzzfeed.com/bradesposito/20-signs-youre-a-child-of-divorce#191714701423337830
http://www.buzzfeed.com/jtes/why-the-rape-girls-are-speaking-out#1991180659421683745,http://www.buzzfeed.com/ontheregna/18-times-italian-greyhounds-were-total-fashionista-ewt3#1959476703463722391,http://www.buzzfeed.com/ariellecalderon/this-kid-dressed-as-harry-potter-and-went-to-penn-station-lo#1993659931819814350
http://www.buzzfeed.com/lyapalater/dylan-sprouse-responds-to-joe-jonas-personal-essay#1993976522108218262,http://www.buzzfeed.com/danmartin/this-is-what-mad-men-looks-like-without-the-cigarettes#1996853000591910077,http://www.buzzfeed.com/mjs538/a-tribute-to-the-guy-in-the-blue-shorts-on-the-purdue-gymnas#2001911939475546374
http://www.buzzfeed.com/juliapugachevsky/reasons-why-lena-dunhams-instagram-should-be-your-new-style#2024224884467415990,http://www.buzzfeed.com/lyapalater/things-miley-and-her-new-eyebrows-look-like#2028935707935414358,http://www.buzzfeed.com/rosiegray/media-figures-stand-behind-bloomberg-in-china-scandal#2012943590758534296
http://www.buzzfeed.com/tonymerevick/illinois-gov-pat-quinn-marriage-equality-law-a-democratic-tr#2071257337724937112,http://www.buzzfeed.com/kellyoakes/13-twitter-science-facts-debunked#2089492469668592837,http://www.buzzfeed.com/adamellis/the-weirdest-themed-restaurants-in-the-world#2096277782800793726
http://www.buzzfeed.com/jaimieetkin/crazy-eyes-taystee-made-the-cutest-christmas-music-video#2131887433667712457,http://www.buzzfeed.com/jwherrman/who-will-own-the-next-great-instant-messaging-service#2111698371791885567,http://www.buzzfeed.com/joannaborns/the-christmas-shoes-best-christmas-song#2160889834812992894
http://www.buzzfeed.com/perpetua/classic-albums-came-out-on-the-same-day#2288920561644302304,http://www.buzzfeed.com/whitneyjefferson/amanda-bynes-is-out-of-treatment-and-enrolling-in-school#2259216478206452719,http://www.buzzfeed.com/simoncrerar/sizzling-photos-of-aussie-firefighters#2296675253551757422
http://www.buzzfeed.com/samimain/cats-who-must-be-training-for-something-sneaky#2318352436919255767,http://www.buzzfeed.com/mjkiebus/hockeys-most-adorable-tradition-involves-over-25000-teddy-be#2299524033773186017,http://www.buzzfeed.com/summeranne/peek-inside-jj-abrams-absurdly-beautiful-new-project#230214594044550635
http://www.buzzfeed.com/mbvd/indonesia-raises-alert-for-volcano-to-highest-level#2345807388638101610,http://www.buzzfeed.com/arianelange/hollywood-dermatologist-arnold-klein-estate-sale#2334986690670475574,http://www.buzzfeed.com/juliapugachevsky/signs-youre-just-not-that-into-relationships-as-told-by-t#2338583704893402677
http://www.buzzfeed.com/mrloganrhoades/the-42-most-important-dunks-of-2013-nba-edition#2409265233774552532,http://www.buzzfeed.com/tanyachen/simple-cooking-skills-you-still-dont-have#2471955978527816007,http://www.buzzfeed.com/miamaria/35-reasons-why-the-hunger-games-is-really-battl-gsbg#2509336019312202209
http://www.buzzfeed.com/summeranne/38-pictures-that-prove-cats-have-a-heart-of-gold#2543882661064586478,http://www.buzzfeed.com/chelseamarshall/cats-who-give-love-a-bad-name#2542652597020043982,http://www.buzzfeed.com/benrosen/mike-tomlin-cant-stop-tripping-people#2514848474031287183
http://www.buzzfeed.com/heysooj/16-reasons-you-should-never-get-out-of-bed-dgs6#2657909095254952478,http://www.buzzfeed.com/katenocera/do-insurance-companies-have-any-friends-left-on-the-hill#2574258857804480789,http://www.buzzfeed.com/skarlan/underwear-flash-mob-makes-times-square-super-sexy#2657336147896312552
http://www.buzzfeed.com/lyapalater/celebrity-tweets-you-missed-today-40659#2661524710893321675,http://www.buzzfeed.com/danoshinsky/why-the-auburn-missouri-winner-should-play-in-the-bcs-title#2665983729395442016,http://www.buzzfeed.com/jordanzakarin/tracy-letts-august-osage-county-play-movie#2664253773952970126
http://www.buzzfeed.com/robinedds/this-is-what-happens-when-you-ask-people-to-draw-a-map-of-th#2671794689601615691,http://www.buzzfeed.com/josephbernstein/meet-the-brazilian-man-who-paid-1800-for-a-playstation-4#2694864024605567009,http://www.buzzfeed.com/emofly/how-to-carve-a-turkey-perfectly#2672807684786571531
http://www.buzzfeed.com/jaimieetkin/lil-mama-performed-waterfalls-with-tlc-live-at-the-amas#2711082583741142576,http://www.buzzfeed.com/sapna/the-numbers-behind-victorias-secret-and-its-iconic-fashion-s#2697701252861895075,http://www.buzzfeed.com/tabathaleggett/hilariously-honest-detention-slips#2739984107235819875
http://www.buzzfeed.com/leonoraepstein/vintage-teen-magazine-cover-lines-that-would-never-happen#2767984216184573793,http://www.buzzfeed.com/mrbriceno/30-signs-you-grew-up-in-a-mexican-household-gpsu#2761423289697798390,http://www.buzzfeed.com/kevintang/10-voicemails-you-get-from-mom#2803777866920126102
http://www.buzzfeed.com/chrisgeidner/obama-presents-same-sex-partners-with-awards-on-behalf-of-sa#2831715899875916564,http://www.buzzfeed.com/daves4/reasons-why-this-month-is-going-to-be-the-best-mon#2837690058534717323,http://www.buzzfeed.com/mattlynley/8-ways-to-measure-twitters-worth#2830926020731938763
http://www.buzzfeed.com/jeremybender/neil-gaiman-is-the-coolest-author-around#2847086376291185107,http://www.buzzfeed.com/theuniblogger/the-realistic-oil-paintings-of-doug-bloodworth-bhd#2898925217300982765,http://www.buzzfeed.com/maycie/powerful-video-shows-what-photoshop-can-do#2902284505298250514
http://www.buzzfeed.com/kristinchirico/television-in-2003-vs-2013#2972203443993562418,http://www.buzzfeed.com/emofly/glittery-christmas-cookies#2929743358887445253,http://www.buzzfeed.com/gregs11/20-doctor-who-parodies-crossovers-4x67#2937877443827975824
http://www.buzzfeed.com/erinchack/signs-you-take-french-fries-very-seriously#2979645802099350073,http://www.buzzfeed.com/alisonvingiano/teen-seeking-help-after-car-accident-rang-doorbell-was-shot#3051095309676012759,http://www.buzzfeed.com/tabirakhter/15-signs-you-are-emotionally-unavailable#2978869915113666581
http://www.buzzfeed.com/mattlynley/7-ways-to-totally-blow-a-tech-company-turnaround#3066256891677639612,http://www.buzzfeed.com/jordanzakarin/amazing-spider-man-2-trailer#3090692091666368050,http://www.buzzfeed.com/regajha/aziz-ansari-is-revolutionizing-indian-fashion-one-sari-at-a#3132622532817422469
http://www.buzzfeed.com/lyapalater/things-youre-only-afraid-of-if-you-live-in-new-york#313538770995745243,http://www.buzzfeed.com/donnad/potential-titles-for-the-superman-vs-batman-movie#316118873471511614,http://www.buzzfeed.com/dorsey/quiz-what-the-hell-is-msnbcs-chris-matthews-talking-about#3135069603885509180
http://www.buzzfeed.com/ariannarebolini/reasons-you-definitely-cant-go-to-the-gym-today#321151655403348617,http://www.buzzfeed.com/kateaurthur/oldboy-screenwriter-twists-spoilers-ending#3188511335197668171,http://www.buzzfeed.com/jaimieetkin/gordon-ramsay-swedish-chef-iron-chef-muppets-most-wanted#3225827585107680790
http://www.buzzfeed.com/skarlan/dianna-agron-becomes-brandon-flowers-in-the-killers-new-musi#3233833663621762210,http://www.buzzfeed.com/johnstanton/25-house-democrats-to-white-house-halt-all-deportations#3234720533625221399,http://www.buzzfeed.com/ryanhatesthis/people-that-prove-doitforthevine-has-gone-way-too-far#3268853060662638418
http://www.buzzfeed.com/alannaokun/the-year-2013-as-told-by-nail-art#3339332743574994923,http://www.buzzfeed.com/danmartin/equal-marriage-passes-crucial-vote-in-scotland#3337402046999230122,http://www.buzzfeed.com/schlages4dayz/sweet-dee-is-the-best-female-role-model-on-televis-d79y#3322551577356002376
http://www.buzzfeed.com/adriancarrasquillo/dogs-watching-the-national-dog-show-is-the-best-part-of-than#3364325658604289760,http://www.buzzfeed.com/justinabarca/this-is-the-saddest-most-disgusting-thanksgiving-feast-ever#336717256484434845,http://www.buzzfeed.com/marianthomas/42-pieces-of-definitive-proof-that-you-might-possibly-be-arm#3371180018003179200
http://www.buzzfeed.com/javim2/20-contributions-90s-blondes-made-to-society-bw9q#340728217584857976,http://www.buzzfeed.com/briangalindo/photos-of-the-oc-premiere-party-that-will-take-you-back-t#3451179189035995558,http://www.buzzfeed.com/mattbellassai/colton-haynes-sings-is-officially-the-most-perfect-human-eve#3380289864943586345
http://www.buzzfeed.com/kierawrr/18-reasons-to-be-grateful-this-thanksgiving-4gx1#3490544994422863215,http://www.buzzfeed.com/rachelzarrell/house-of-cards-is-going-to-ruin-your-valentines-day#3491559969825201637,http://www.buzzfeed.com/erikmalinowski/23-reasons-its-perfectly-ok-to-despise-the-st-louis-cardinal#348810829464910903
http://www.buzzfeed.com/andrewkaczynski/16-moving-images-from-president-obamas-visit-to-the-prison-n#3494612249200169119,http://www.buzzfeed.com/juliapugachevsky/most-remarkable-stop-motion-vines-of-2013#3512496838644906583,http://www.buzzfeed.com/evanmcsan/obama-praises-popes-call-for-greater-income-equality#3529633620017984910
http://www.buzzfeed.com/mariahsummers/sign-holding-students-bitcoin-account-passes-25000-after-bei#3585200411427602134,http://www.buzzfeed.com/mccarricksean/x-reasons-why-cyclops-is-everyones-least-favo-fjmu#3537673694718944486,http://www.buzzfeed.com/rachelysanders/big-bundts#3576178963963786129
http://www.buzzfeed.com/joshrobin/bill-de-blasios-family-cl47#3628455690560541613,http://www.buzzfeed.com/rosiegray/aipac-appears-to-back-administration-line-on-iran-sanctions#367596593974347628,http://www.buzzfeed.com/shani/black-directors-best-man-holiday-12-years-slave#3628732404735018672
http://www.buzzfeed.com/jennaguillaume/this-is-what-a-zombie-apocalypse-would-look-like-in-australi#3748357104031120214,http://www.buzzfeed.com/erinchack/kim-kardashians-feet-had-the-worst-year-ever#3730486183129066308,http://www.buzzfeed.com/jaimieetkin/ranking-friends-thanksgiving-episodes#3743785561793086221
http://www.buzzfeed.com/azafar/kanye-west-yeezus-tour#3827857116434628686,http://www.buzzfeed.com/samimain/in-defense-of-martha-stewarts-food-photos#3777362657869399779,http://www.buzzfeed.com/joelanderson/high-five-is-the-latest-effort-to-connect-between-the-nfl-an#379291380785622772
http://www.buzzfeed.com/rachelzarrell/couple-denies-they-left-anti-gay-note-for-nj-server#3902722233685568248,http://www.buzzfeed.com/alannaokun/unexpected-gifts-for-everyone-in-your-life#3839938177556358254,http://www.buzzfeed.com/katienotopoulos/meet-dasha-batell-the-picasso-of-snapchat#3842752932392385096
http://www.buzzfeed.com/joelanderson/heisman-frontrunner-escapes-charges-in-sexual-assault-invest#3928896035777285549,http://www.buzzfeed.com/whitneyjefferson/praise-yeezus-a-kimye-bathroom-selfie#3918467947488633693,http://www.buzzfeed.com/bml/worst-airline-ever-cancels-entire-flight-so-college-basketba#3977953428013089985
http://www.buzzfeed.com/mylestanzer/the-story-of-hanukkah-as-told-by-israeli-sensation-eliad-coh#4008924623735203713,http://www.buzzfeed.com/tanyachen/hot-guys-we-lost-to-relationships-in-2013#3993468617514674526,http://www.buzzfeed.com/briangalindo/7-celebrities-whose-style-you-totally-wanted-to-copy-in-1998#4020693530511759492
http://www.buzzfeed.com/chrisgeidner/after-repeal-of-dont-ask-dont-tell-equalitys-sticking-points#4107135591400112780,http://www.buzzfeed.com/mattbellassai/beyonce-turns-kevin-hart-into-a-screaming-uncontrollable-fan#4037312058231155719,http://www.buzzfeed.com/alisonvingiano/survivors-of-typhoon-haiyan-share-photos-and-videos-of-devas#4034082596416144802
http://www.buzzfeed.com/hillaryreinsberg/gift-ideas-for-impossibly-cool-friends#4128501674224954637,http://www.buzzfeed.com/chrisritter16/33-buzzfeed-employees-that-dressed-up-for-halloween#4107630729138260311,http://www.buzzfeed.com/moerder/daily-links-12-04-2013#411422931879764296
http://www.buzzfeed.com/summeranne/amber-riley-was-the-fiercest-competitor-in-dwts#4149520903447495335,http://www.buzzfeed.com/chelseamarshall/pictures-of-instagrams-goofiest-best-friends#4133188232242110541,http://www.buzzfeed.com/copyranter/carls-jr-latest-hamburger-porn-ad#4151021092363861480
http://www.buzzfeed.com/daves4/trypophobia-is-a-real-terrifying-thing-and-you-definitely-ha#4204487335618060127,http://www.buzzfeed.com/ellievhall/22-saddest-selfies-from-people-working-retail-on-black-frida#4210575658162380925,http://www.buzzfeed.com/chrisstokelwalker/the-mystery-of-chessboxing#4167090146610975623
http://www.buzzfeed.com/emilyhennen/why-we-should-all-be-eating-sweet-potato-casserole-all-year#4248954657821290443,http://www.buzzfeed.com/samimain/ways-cats-think-humans-are-terrible-at-being-cats#4244255853586056785,http://www.buzzfeed.com/daves4/ways-to-make-the-world-a-better-place#4225506723467421331
http://www.buzzfeed.com/ryanhatesthis/russias-flesh-eating-drug-krokodil-has-arrived-in-the-us-and#4271721229031803025,http://www.buzzfeed.com/mariahsummers/here-are-some-of-the-weirdest-places-you-can-spend-your-bitc#428357803600109563,http://www.buzzfeed.com/mjkiebus/cops-pull-over-jose-canseco-with-fainting-goats-wearing-diap#4257796308432379285
http://www.buzzfeed.com/kateaurthur/signs-you-went-to-a-liberal-arts-college-in-the-late-80s#4403398409583727184,http://www.buzzfeed.com/lyapalater/an-in-depth-analysis-of-harry-styles-hairy-styles#4298398444576631437,http://www.buzzfeed.com/mbvd/a-complete-ranking-of-the-best-places-to-smoke-weed-in-the-w#4368653546286134077
http://www.buzzfeed.com/danmartin/8-moments-in-lady-gagas-new-short-film-that-make-you-worry-a#4471213103897382290,http://www.buzzfeed.com/lesterfeder/uk-supreme-court-rules-against-christian-hotel-owners-who-tu#4472575534686094389,http://www.buzzfeed.com/christinebyrne/31-delicious-things-to-cook-in-december#4404894967586629781
http://www.buzzfeed.com/charliewarzel/the-creepy-tim-cook-video-apple-doesnt-want-you-to-see#4479974649876027090,http://www.buzzfeed.com/rachelysanders/goverment-shutdown-makes-imported-food-less-safe#4521670774762783050,http://www.buzzfeed.com/rachelzarrell/ron-burgundy-joined-an-actual-newscast-in-north-dakota-last#4506524064754137981
http://www.buzzfeed.com/lyapalater/reasons-to-be-zacful-this-thanksgiving#4580523580476368697,http://www.buzzfeed.com/maycie/movies-in-real-life-a-christmas-story-improv-video#4540098574601539556,http://www.buzzfeed.com/christinebyrne/how-to-cook-thanksgiving-in-5-easy-recipes#4524990707825181231
http://www.buzzfeed.com/antwaunsargent/most-adorable-beyonce-and-jay-z-moments-of-2013#4640931701995529606,http://www.buzzfeed.com/mrloganrhoades/this-crazy-dancing-grandpa-is-the-best-nfl-cheerleader#4593073767304635847,http://www.buzzfeed.com/mackenziekruvant/best-things-that-happened-on-1d-day#4658132815766524186
http://www.buzzfeed.com/passantino/north-korea-publishes-apology-letter-from-detained-american#4675486942974717255,http://www.buzzfeed.com/rachelysanders/power-foods-2013#4659362160613534448,http://www.buzzfeed.com/madisonlmedeiros/the-struggle-of-preparing-for-christmas-as-told-b-e1yb#4663983209370744166
http://www.buzzfeed.com/emmyf/eating-in-an-italian-american-family#4675671197526042016,http://www.buzzfeed.com/joannaborns/thanksgiving-drinking-game#4688274979928667979,http://www.buzzfeed.com/hunterschwarz/what-happens-when-a-new-age-spiritual-guru-becomes-a-congres#4679596337627904860
http://www.buzzfeed.com/larap2/15-signs-youre-addicted-to-travel-aati#4704038009665799258,http://www.buzzfeed.com/tanyachen/truths-of-being-raised-in-a-big-city#4718537060594611540,http://www.buzzfeed.com/josephbernstein/it-costs-4600-to-buy-every-virtual-car-in-the-new-gran-turis#4708804860906000181
http://www.buzzfeed.com/azafar/outkast-coachella#473120443618121048,http://www.buzzfeed.com/travisrandg/whats-your-favorite-t-shirt-5d61#4763898740350947843,http://www.buzzfeed.com/bml/photos-filipino-kids-return-to-playing-basketball-amid-rubbl#475945602216909962
http://www.buzzfeed.com/mjs538/40-amazing-grilled-cheese-sandwich-recipes#4766286582985850204,http://www.buzzfeed.com/paulaersly/katniss-everdeens-guide-to-black-friday-shopping#4769374883186930765,http://www.buzzfeed.com/maycie/real-life-walter-white-meth-cook-alabama-vice#4774894301174849860
http://www.buzzfeed.com/leonoraepstein/this-selfie-of-anastasia-will-chill-you-to-the-bone#4813879359167506625,http://www.buzzfeed.com/scott/kolm-2-game-battle#4843331887582872322,http://www.buzzfeed.com/lyapalater/how-to-tell-you-are-attracted-to-josh-hutcherson#4807641749397393022
http://www.buzzfeed.com/chrisgeidner/federal-court-employee-in-domestic-partnership-wins-ruling-o#4911488009054548057,http://www.buzzfeed.com/tanyachen/true-unsung-heroes-of-the-midwest#4969623441836841733,http://www.buzzfeed.com/charliewarzel/facebook-says-its-going-to-purge-low-quality-content-and-mem#4975644551251816030
http://www.buzzfeed.com/hillarylevine/this-is-the-official-thanksgivukkah-anthem-youve-been-waitin#4980937621447762789,http://www.buzzfeed.com/dausti21/15-photos-of-animals-in-south-africa-guaranteed-to-am3n#5020256797696887258,http://www.buzzfeed.com/simoncrerar/you-know-you-are-australian-when#5022767331047724196
http://www.buzzfeed.com/lyapalater/famous-people-you-may-have-forgotten-were-on-the-oc#5083288987897946318,http://www.buzzfeed.com/mjkiebus/the-moment-when-you-realize-how-much-your-basketball-team-su#5137055837374648594,http://www.buzzfeed.com/mrloganrhoades/auburn-upsets-alabama-in-a-finish-you-wont-soon-forget#5073334707487660977
http://www.buzzfeed.com/theapartment8/what-was-your-favorite-youtube-video-of-2013-gswo#5181972371460075994,http://www.buzzfeed.com/justinesharrock/why-does-it-cost-18-to-make-a-call-from-prison#5239862935239077675,http://www.buzzfeed.com/erinlarosa/20-companies-with-amazing-employee-perks#5205413572117742858
http://www.buzzfeed.com/josephbernstein/the-first-ever-realistic-thanksgiving-simulator#5284658771768213006,http://www.buzzfeed.com/tomphillips/ranking-every-episode-of-the-modern-doctor-who#5306799262934434395,http://www.buzzfeed.com/emilyorley/what-its-like-discussing-scandal-friday-with-co-workers#5304071702282297345
http://www.buzzfeed.com/tabathaleggett/two-students-dressed-as-the-911-twin-towers-for-halloween#5352040983108553661,http://www.buzzfeed.com/daves4/the-most-important-things-we-learned-in-2013#5355179123209680515,http://www.buzzfeed.com/matthewzeitlin/this-is-what-the-ten-most-expensive-real-estate-markets-look#5323740434792393229
http://www.buzzfeed.com/food52/healthy-recipes-for-a-mid-holiday-detox#541169393552353238,http://www.buzzfeed.com/katieheaney/19-reasons-kim-kelly-is-the-high-school-bad-girl-you-wanted#5419029470112715770,http://www.buzzfeed.com/whitneyjefferson/quotes-to-remind-you-that-adam-levine-is-still-a-douche#5364029413686017731
http://www.buzzfeed.com/skarlan/watch-the-season-finale-of-little-horribles-a-day-early#5458408847800478002,http://www.buzzfeed.com/christinebyrne/next-level-appetizers#5451293688113997060,http://www.buzzfeed.com/jessicamisener/23-excellent-reasons-to-drink-more-wine#5469685763611081573
http://www.buzzfeed.com/katherinemiller/the-new-acting-deputy-defense-secretary-also-inspired-a-char#5521712883976280646,http://www.buzzfeed.com/scottybryan/this-student-union-music-video-is-so-unbelievably-awful#5545479438156215807,http://www.buzzfeed.com/miriamberger/26-reasons-shakshuka-is-the-most-perfect-food#54894282412029833
http://www.buzzfeed.com/rosiegray/the-next-big-fight-iran-sanctions#561042238085080008,http://www.buzzfeed.com/evanmcsan/obama-engages-anti-deportation-heckler-at-immigration-speech#5564258548689204930,http://www.buzzfeed.com/mattlynley/more-top-blackberry-executives-were-just-ousted#5612117596947946219
http://www.buzzfeed.com/danmartin/tom-daley-on-coming-out-it-was-a-terrifying-decison-to-make#5632456642947063398,http://www.buzzfeed.com/andrewkaczynski/andrew-cuomo-i-think-trail-derailment-going-to-be-speed-rela#5684587287090645918,http://www.buzzfeed.com/papergirl/15-gifts-for-the-quentin-tarantino-fans-on-your-li-aatq#5666780820438684269
http://www.buzzfeed.com/meganm15/i-think-its-time-we-talk-about-the-margay-3f0z#5692031873401145758,http://www.buzzfeed.com/samimain/signs-youre-the-mom-of-your-friend-group#5697136547954157063,http://www.buzzfeed.com/samimain/pets-who-know-what-thanksgiving-is-all-about#5727146627217141018
http://www.buzzfeed.com/jeremybender/life-struggles-all-expats-will-understand#5746895247145129498,http://www.buzzfeed.com/whitneyjefferson/what-are-famous-people-thankful-for-this-year#5784228384293115185,http://www.buzzfeed.com/expresident/kingdom-rush-game-battle#5746362114971608594
http://www.buzzfeed.com/spenceralthouse/find-out-how-much-money-twitter-owes-you#5824268633901534329,http://www.buzzfeed.com/ariellecalderon/this-puppy-would-like-to-tell-you-what-hes-thankful-for#5816907719734872931,http://www.buzzfeed.com/mrloganrhoades/what-its-like-to-be-a-houston-texans-fan-right-now#5788626409433137706
http://www.buzzfeed.com/mrloganrhoades/hockey-player-who-hates-his-stick-and-wants-to-break-it-but#5858442675790687621,http://www.buzzfeed.com/mattlynley/twitter-finally-added-a-woman-to-its-board-of-directors#5857752027225398365,http://www.buzzfeed.com/hunterschwarz/4-ways-to-hack-the-new-britney-spears-album#5847140327856662131
http://www.buzzfeed.com/adamellis/this-otter-eating-clams-totally-gets-your-passion-for-food#5945546168353469093,http://www.buzzfeed.com/briangalindo/the-1995-kardashian-kristmas-kard-was-krazy-beige#5871216877185409191,http://www.buzzfeed.com/alisonvingiano/a-boy-wore-blackface-and-dressed-up-as-trayvon-martin-for-ha#5924811609306644334
http://www.buzzfeed.com/tonymerevick/advocates-athletes-launch-clothing-line-to-challenge-russian#5956311857165597973,http://www.buzzfeed.com/matthewzeitlin/heres-just-how-insane-bitcoins-recent-rise-is#6001795436387053595,http://www.buzzfeed.com/arisaperstein/the-10-most-terrifying-moments-of-the-2013-macys-gguo#5974738506070865703
http://www.buzzfeed.com/hunterschwarz/look-at-everyones-faces-when-that-guy-started-heckling-obama#6019694002151707638,http://www.buzzfeed.com/matthewzeitlin/how-to-invest-like-warren-buffett#6069916933923994497,http://www.buzzfeed.com/erikmalinowski/the-best-gifs-of-nfl-week-13-like-tears-in-rain#6003273631229770318
http://www.buzzfeed.com/lyapalater/background-actors-who-have-no-idea-what-they-are-doing#6095452019275715395,http://www.buzzfeed.com/chrisgeidner/times-the-reagan-white-house-press-briefing-erupted-with#6170080212980480209,http://www.buzzfeed.com/tabathaleggett/which-animal-looks-the-cutest-in-a-onesie#6163678495514542470
http://www.buzzfeed.com/moerder/daily-links-12-03-2013#628730901626994573,http://www.buzzfeed.com/jeremybender/struggles-of-being-23#6292060012025417247,http://www.buzzfeed.com/lyapalater/undeniable-proof-that-the-cast-of-the-hunger-games-is-also-t#6285910481678631987
http://www.buzzfeed.com/erikmalinowski/police-investigating-homicide-in-arrowhead-stadium-parking-l#6380245529535363091,http://www.buzzfeed.com/whitneyjefferson/would-you-rather-with-kelly-bensimon#6387205006153322991,http://www.buzzfeed.com/robinedds/extraordinary-footage-emerges-of-the-moment-two-planes-full#6378195825744641115
http://www.buzzfeed.com/tasneemnashrulla/pope-francis-invites-a-man-who-brutally-stabbed-a-nun-to-dea#6467381653376093974,http://www.buzzfeed.com/adambvary/frozen-thanksgiving-box-office-record#6433751744301138570,http://www.buzzfeed.com/christinebyrne/delicious-gluten-free-breakfast-pastries#6442324747896735757
http://www.buzzfeed.com/meganm15/the-incredible-story-of-wallace-and-hector-pit-bull-brothers#6510848720997898050,http://www.buzzfeed.com/matthewzeitlin/goldman-ceo-on-chris-christie-i-like-him-i-do-i-think-hes-au#664767787647631287,http://www.buzzfeed.com/ursaaurora/disney-princesses-irl-2glz#6607134921548440781
http://www.buzzfeed.com/whitneyjefferson/revelations-from-joe-jonas-essay-on-fame-dating-and-disney#6662132053675714875,http://www.buzzfeed.com/mattbellassai/the-most-life-changing-things-that-happen-when-one-direct#6701810874283053777,http://www.buzzfeed.com/chrisritter16/was-kanyes-new-video-inspired-by-a-brooklyn-artists-work#6691923327102781918
http://www.buzzfeed.com/lyapalater/times-jennifer-lawrence-and-josh-hutcherson-proved-they-a#6718543535406115265,http://www.buzzfeed.com/awesomer/popular-professions-in-comic-books#672577339911221247,http://www.buzzfeed.com/bennyjohnson/obamacare-failures-as-told-by-dr-house#671331486634331129
http://www.buzzfeed.com/ellievhall/miss-usa-wore-a-transformers-costume-in-the-miss-universe-pa#6803518853774819155,http://www.buzzfeed.com/brittwitt/8-reasons-why-joseph-gordon-levitt-is-encroaching-4ef1#6771597857146944554,http://www.buzzfeed.com/daves4/animals-that-have-made-a-huge-mistake#6788814169679857021
http://www.buzzfeed.com/krayford/the-25-most-sexual-lyrics-on-one-directions-new-a-ep5q#6823127880023602124,http://www.buzzfeed.com/bennyjohnson/breaking-down-the-most-important-white-house-picture-ever#6823828692960441698,http://www.buzzfeed.com/chrisgeidner/olympian-tom-daley-is-dating-oscar-winner-dustin-lance-black#6804405414472195945
http://www.buzzfeed.com/mjs538/inside-the-donut-taco-palace#6836098935998109892,http://www.buzzfeed.com/juliapugachevsky/indie-film-recommendations-from-the-gotham-independent-film#6896619355668373851,http://www.buzzfeed.com/jordanzakarin/what-movies-to-see-and-skip-this-thanksgiving-weekend#6842671722868290095
http://www.buzzfeed.com/juliapugachevsky/signs-you-belong-in-a-period-piece-romance#6974682965456338936,http://www.buzzfeed.com/christinebyrne/cheesy-dips-that-will-make-you-swoon#6910449786963544630,http://www.buzzfeed.com/ailbhemalone/if-bridget-jones-had-instagram#6924923879691466309
http://www.buzzfeed.com/spenceralthouse/3-minutes-that-prove-how-the-media-failed-women-in-2013#7038226754648928551,http://www.buzzfeed.com/expresident/siege-hero-viking-vengeance-game-battle#6987615910637813923,http://www.buzzfeed.com/meganm15/the-official-guide-to-sleeping-like-a-cat#7020820256422657005
http://www.buzzfeed.com/perpetua/23-best-rock-records-2013#7083325419244271901,http://www.buzzfeed.com/jenlewis/if-your-favorite-disney-movies-were-by-woody-allen#7111405064349005368,http://www.buzzfeed.com/krystianm/hey-bronies-create-your-own-pony-emx#7112841537157129516
http://www.buzzfeed.com/rachelysanders/pretty-ways-to-eat-pomegranate-seeds#7215087502245723117,http://www.buzzfeed.com/paulaersly/an-ode-to-hot-young-harrison-ford-may-he-rip#7248413851641146756,http://www.buzzfeed.com/rachelysanders/gorgeous-gluten-free-vegan-thanksgiving-desserts#7241760416435886664
http://www.buzzfeed.com/expresident/great-moments-in-the-history-of-cute#7303121763329325824,http://www.buzzfeed.com/mbvd/why-you-should-care-about-gmo-legislation#7271935638086935176,http://www.buzzfeed.com/leonoraepstein/things-that-happened-in-2013-that-youve-already-forgotten#7280813847613262606
http://www.buzzfeed.com/lyapalater/45-people-that-prove-the-hottest-people-come-from-canada#7406043563618814796,http://www.buzzfeed.com/adambvary/thanksgiving-2013-movie-marathons#7354364550795010636,http://www.buzzfeed.com/sheerafrenkel/welcome-to-the-new-old-egypt#7405500900480275385
http://www.buzzfeed.com/arianelange/13-reasons-every-feminist-needs-to-watch-the-punk-singer#7406652769111543246,http://www.buzzfeed.com/chrisgeidner/supreme-court-to-consider-contraception-mandate-questions#7426331060648160494,http://www.buzzfeed.com/summeranne/which-candy-crush-villain-are-you#7417874006884923238
http://www.buzzfeed.com/tommywes/chris-lilley-jamie-private-school-girl#7442038015205884503,http://www.buzzfeed.com/catiejane/lessons-learned-from-love-actually-g3d9#7439540194144110975,http://www.buzzfeed.com/briangalindo/listen-to-tupac-shakurs-thoughts-on-life-death-and-racism#743168119546617089
http://www.buzzfeed.com/tabirakhter/16-ways-technology-has-made-dating-more-difficult-than-it-ne#7456981264699884475,http://www.buzzfeed.com/gabrielakruschewsky/23-classic-brazilian-songs-you-need-to-listen-to-right-now#7471633302549792326,http://www.buzzfeed.com/justinm50/kyle-kinane-gets-in-hilarious-feud-with-pace-salsa-c7vu#7459626337530412827
http://www.buzzfeed.com/tanyachen/social-media-saved-600-cats-in-china-averting-tragedy-and-br#7547958674470505350,http://www.buzzfeed.com/jordanzakarin/production-on-fast-and-furious-7-shut-down-days-after-paul-w#7503165993993263599,http://www.buzzfeed.com/briangalindo/18-times-joey-fatone-got-the-short-end-of-the-fashion-stick#7564518802597696641
http://www.buzzfeed.com/tomphillips/13-amazing-viral-nature-pictures-that-are-actually-fake#7634051597712507197,http://www.buzzfeed.com/mariahsummers/grocery-shoppers-no-longer-stocking-their-pantries-buying-2#7626175690566181505,http://www.buzzfeed.com/andrewkaczynski/reagan-rocks-some-good-outfits#7647812182013598306
http://www.buzzfeed.com/rachelzarrell/these-are-some-of-the-grossest-school-lunches-in-the-us#7664613836842566816,http://www.buzzfeed.com/samimain/pets-who-are-already-in-the-holiday-mood#7683546279461137287,http://www.buzzfeed.com/ryanhatesthis/this-is-one-of-the-most-brutal-responses-to-a-break-up-text#7677209392356583715
http://www.buzzfeed.com/andrewkaczynski/sections-of-rand-pauls-op-ed-on-drug-sentencing-plagiarized#7726520208486171991,http://www.buzzfeed.com/adriancarrasquillo/catch-an-illegal-immigrant-game-planned-for-university-of-te#7710922346037050411,http://www.buzzfeed.com/sapna/cinnabon-flavored-vodka-is-about-to-become-a-reality#7691949180849798958
http://www.buzzfeed.com/ariellecalderon/who-said-it-kanye-west-or-your-creative-director#7767930466509861143,http://www.buzzfeed.com/charliewarzel/out-of-the-blue-facebook-is-now-driving-enormous-traffic-to#7735611512774229678,http://www.buzzfeed.com/catesevilla/20-times-nigella-lawson-proved-she-is-a-goddess-among-us#7746893379453338994
http://www.buzzfeed.com/justinabarca/8-fun-facts-about-dan-harmons-new-animated-show-rick-and-mor#7813251389406489450,http://www.buzzfeed.com/jaimieetkin/macklemore-pays-tribute-to-trayvon-martin-address-racial-pro#7795320298083944421,http://www.buzzfeed.com/lyapalater/the-official-ranking-of-the-45-hottest-jewish-women-in-holly#7832204491407004332
http://www.buzzfeed.com/ellievhall/trent-reznor-facetimes-dying-fan-during-nine-inch-nails-conc#7833671969355420052,http://www.buzzfeed.com/chelseamarshall/the-top-12-animal-scoots-that-defined-2013#7836720596281372825,http://www.buzzfeed.com/skarlan/finally-a-fashion-photography-book-for-butch-lesbians#7852582131880881809
http://www.buzzfeed.com/adambvary/jena-malone-f-bombs-catching-fire#7875636290799853924,http://www.buzzfeed.com/leonoraepstein/a-re-telling-of-the-tragedy-of-toni-braxtons-un-break-my-hea#7860980458322147565,http://www.buzzfeed.com/erikmalinowski/7-quaint-andor-hilarious-vintage-photos-from-the-first-winte#7898498224925411444
http://www.buzzfeed.com/lyapalater/potatoes-that-look-like-channing-tatum#7958038603429734883,http://www.buzzfeed.com/tasneemnashrulla/something-was-born-inside-a-little-boys-knee-and-hes-keeping#7949378171841413142,http://www.buzzfeed.com/katienotopoulos/the-terrifyingly-violent-new-genre-of-my-little-pony-fan-art#7912750591554371161
http://www.buzzfeed.com/jenlewis/private-islands-that-cost-less-than-an-nyu-degree#8011701360341280862,http://www.buzzfeed.com/saeedjones/if-spotify-recommended-hot-guys-instead-of-music#7997497802332186895,http://www.buzzfeed.com/hunterschwarz/what-life-was-like-in-the-00s-according-to-high-school-newsp#797198020250097823
http://www.buzzfeed.com/paulaersly/star-wars-episode-vii-fan-posters#8020021430605227629,http://www.buzzfeed.com/emilyhennen/9-photos-of-taylor-hanson-acting-like-a-celebrity-fangirl#8048490807619334384,http://www.buzzfeed.com/rosiegray/us-negotiators-raised-issue-of-detained-americans-during-ira#8033590663493442529
http://www.buzzfeed.com/emofly/slab-pies#8070159592275279079,http://www.buzzfeed.com/ryanhatesthis/the-most-important-twerking-moments-of-2013#8053803448675050,http://www.buzzfeed.com/gavon/haunting-photos-of-jfk-assassination-landmarks-then-and-now#8067556285734265531
http://www.buzzfeed.com/catcastell/inspiration-to-start-or-restart-your-day-right-fti4#8088107922707700144,http://www.buzzfeed.com/tanyachen/times-r-kelly-stole-the-show-in-2013#810257560675167720,http://www.buzzfeed.com/ajlobster/22-times-dr-beverly-crusher-was-your-fashion-idol-hbg2#8109381151793435122
http://www.buzzfeed.com/notmonroe/19-ways-to-flavor-popcorn-gg32#8135290078952364796,http://www.buzzfeed.com/johnstanton/irish-government-launches-campaign-for-new-immigration-law-i#8164995067997161386,http://www.buzzfeed.com/adamdavis/show-us-the-last-thing-you-searched-for-on-your-phone#8144019044680647137
http://www.buzzfeed.com/bml/nba-game-in-mexico-city-canceled-because-arena-is-on-fire#8187474432300644926,http://www.buzzfeed.com/emilyhennen/the-most-fab-and-drab-celebrity-outfits-of-the-week-11-23-13#8239027099032367242,http://www.buzzfeed.com/kristinchirico/questions-you-never-want-your-family-to-ask#8198483526512660622
http://www.buzzfeed.com/tonymerevick/federal-court-orders-immediate-marriage-licenses-for-illinoi#8272202709089486190,http://www.buzzfeed.com/emilys49/19-cringe-worthy-christmas-movies-that-time-forgot#8286847556982334816,http://www.buzzfeed.com/perpetua/x-men-apocalypse-movie#8267861741508948222
http://www.buzzfeed.com/jessicamisener/29-reasons-jon-stewart-is-the-most-perfect-man-on-earth#8323060580387745971,http://www.buzzfeed.com/arianelange/ncis-guinness-record-with-a-234-hour-marathon#828948672341147422,http://www.buzzfeed.com/mackenziekruvant/things-este-haims-bassface-looks-like#8291492339996415137
http://www.buzzfeed.com/rachels73/someone-in-michigan-built-a-life-size-tardis-and-i-am52#8357148536720430051,http://www.buzzfeed.com/alannaokun/mad-etsy-cats#8444122465126137491,http://www.buzzfeed.com/adamdavis/foods-that-new-england-does-better-than-anywhere-else#834297615715327683
http://www.buzzfeed.com/arisaperstein/the-most-misogynistic-website-youll-see-all-day-gguo#8465825257079914285,http://www.buzzfeed.com/lesterfeder/22-year-rape-sentence-gives-some-hope-for-black-lesbians-in#8473676054586225191,http://www.buzzfeed.com/rosiegray/nrcc-to-launch-happy-holidays-is-what-liberals-say-mug#8462124630863927964
http://www.buzzfeed.com/gabrielakruschewsky/celebrity-voice-on-your-navigation-system#8543185747981926869,http://www.buzzfeed.com/bennyjohnson/36-stunning-color-photos-of-kennedys-life-at-the-white-house#8477169755328918343,http://www.buzzfeed.com/bml/the-godfather-of-sabermetrics-has-a-novel-theory-on-jfks-dea#850886351339224053
http://www.buzzfeed.com/skarlan/gail-peck-is-the-reason-you-should-be-watching-rookie-blue#8563137349971319313,http://www.buzzfeed.com/mylestanzer/why-the-kimye-video-is-the-most-pure-expression-of-love-ever#855910304428602424,http://www.buzzfeed.com/mrloganrhoades/enormous-american-flag-rips-in-half-sparks-u-s-a-chant#8543979822081469623
http://www.buzzfeed.com/mattlynley/apples-cash-pile-to-grow-0198-after-beating-samsung-in-court#8574556165292695383,http://www.buzzfeed.com/gregs11/11-hilarious-things-that-the-past-didnt-get-r-4x67#8576508310775790805,http://www.buzzfeed.com/jaimieetkin/15-places-justin-bieber-r-kelly-talk-about-having-sex-in-pyd#8593321787743544391
http://www.buzzfeed.com/andrewkaczynski/11-fascinating-doodles-jfk-drew-during-the-cuban-missile-cri#8613985217275738749,http://www.buzzfeed.com/ellievhall/20-childrens-christmas-books-to-read-aloud#8748446804450065784,http://www.buzzfeed.com/joelanderson/everything-thats-happened-so-far-in-the-sexual-assault-inves#8693012221111171774
http://www.buzzfeed.com/andrear19/17-times-charlie-brown-holiday-specials-saw-into-y-a40c#8780770223311723418,http://www.buzzfeed.com/ryanhatesthis/a-fifth-grade-teacher-wanted-to-show-her-students-what-happe#8755220608844876073,http://www.buzzfeed.com/adambvary/hunger-games-mockingjay-problems#8752906449324613979
http://www.buzzfeed.com/tomphillips/14-things-you-can-say-to-bisexual-people-that-are-guaranteed#8840747220128669848,http://www.buzzfeed.com/lilis2/insanely-beautiful-colleges-you-can-get-married-at#8782362162545826666,http://www.buzzfeed.com/kateaurthur/hunger-games-catching-fire-ending-spoilers#8818401254424731757
http://www.buzzfeed.com/ryanhatesthis/someone-made-a-video-game-about-sandy-hook-where-you-play-as#8862143615654864023,http://www.buzzfeed.com/merfae/the-complete-stages-of-the-midnight-due-date-gyp9#8866939986533757225,http://www.buzzfeed.com/jessicamisener/13-reasons-the-95-cleveland-indians-were-the-greatest-team-e#8879086860779125130
http://www.buzzfeed.com/juliapugachevsky/foods-russians-grew-up-with#8971436924728213557,http://www.buzzfeed.com/samimain/reasons-to-fall-back-in-love-with-breakfast#8882368131807779519,http://www.buzzfeed.com/whitneyjefferson/james-francos-unexplainable-batman-art#8884965038972979184
http://www.buzzfeed.com/mjkiebus/basketball-players-who-totally-forgot-how-to-basketball#8974462937218817329,http://www.buzzfeed.com/whitneyjefferson/things-celebrities-did-this-week-11-22#8997145471999675947,http://www.buzzfeed.com/adambvary/gal-gadot-playing-wonder-woman-superman-batman-reactions#9008715715752407839
http://www.buzzfeed.com/jeremybender/blanket-forts-youll-want-to-hibernate-in#9064832602009654894,http://www.buzzfeed.com/mjkiebus/unexpectedly-awesome-dance-battle-breaks-out-at-nba-game#9105509202448063084,http://www.buzzfeed.com/bml/why-michigan-and-ohio-state-need-to-get-over-it-and-realize#9100068580877131198
http://www.buzzfeed.com/copyranter/a-most-disgusting-anti-smoking-ad#9134907869504376601,http://www.buzzfeed.com/ryanhatesthis/this-is-what-google-thinks-of-your-personal-music-taste#9155612617795829666,http://www.buzzfeed.com/charliewarzel/this-unreal-mit-invention-allows-you-to-reach-through-the-sc#9123012285177894448
http://www.buzzfeed.com/food52/greatest-pumpkin-recipes#9196296704409448229,http://www.buzzfeed.com/krayford/23-reasons-to-celebrate-one-direction-ep5q#9159365256059250810,http://www.buzzfeed.com/lyapalater/16-celebrity-instagrams-you-need-to-see-this-week-64579#9194412843612864636
http://www.buzzfeed.com/patricksmith/theres-a-social-network-for-dead-people-now#9210981566758335056,http://www.buzzfeed.com/dorieans/21-reasons-the-world-needs-an-outkast-reunion-c0u2#935439642827462135,http://www.buzzfeed.com/mjkiebus/possibly-the-greatest-college-football-ejection-of-all-time#9196765415709525904
